sub_group_id,sub_group,super_group,dr_super_group
3001,Agricultural biotechnology,"AGRICULTURAL, VETERINARY AND FOOD SCIENCES",ENVIRONMENTAL SCIENCES
3002,"Agriculture, land and farm management","AGRICULTURAL, VETERINARY AND FOOD SCIENCES",ENVIRONMENTAL SCIENCES
3003,Animal production,"AGRICULTURAL, VETERINARY AND FOOD SCIENCES",ENVIRONMENTAL SCIENCES
3004,Crop and pasture production,"AGRICULTURAL, VETERINARY AND FOOD SCIENCES",ENVIRONMENTAL SCIENCES
3005,Fisheries sciences,"AGRICULTURAL, VETERINARY AND FOOD SCIENCES",ENVIRONMENTAL SCIENCES
3006,Food sciences,"AGRICULTURAL, VETERINARY AND FOOD SCIENCES",ENVIRONMENTAL SCIENCES
3007,Forestry sciences,"AGRICULTURAL, VETERINARY AND FOOD SCIENCES",ENVIRONMENTAL SCIENCES
3008,Horticultural production,"AGRICULTURAL, VETERINARY AND FOOD SCIENCES",ENVIRONMENTAL SCIENCES
3009,Veterinary sciences,"AGRICULTURAL, VETERINARY AND FOOD SCIENCES",ENVIRONMENTAL SCIENCES
3099,"Other agricultural, veterinary and food sciences","AGRICULTURAL, VETERINARY AND FOOD SCIENCES",ENVIRONMENTAL SCIENCES
3101,Biochemistry and cell biology,BIOLOGICAL SCIENCES,BIOLOGICAL SCIENCES
3102,Bioinformatics and computational biology,BIOLOGICAL SCIENCES,BIOLOGICAL SCIENCES
3103,Ecology,BIOLOGICAL SCIENCES,BIOLOGICAL SCIENCES
3104,Evolutionary biology,BIOLOGICAL SCIENCES,BIOLOGICAL SCIENCES
3105,Genetics,BIOLOGICAL SCIENCES,BIOLOGICAL SCIENCES
3106,Industrial biotechnology,BIOLOGICAL SCIENCES,BIOLOGICAL SCIENCES
3107,Microbiology,BIOLOGICAL SCIENCES,BIOLOGICAL SCIENCES
3108,Plant biology,BIOLOGICAL SCIENCES,BIOLOGICAL SCIENCES
3109,Zoology,BIOLOGICAL SCIENCES,BIOLOGICAL SCIENCES
3199,Other biological sciences,BIOLOGICAL SCIENCES,BIOLOGICAL SCIENCES
3201,Cardiovascular medicine and haematology,BIOMEDICAL AND CLINICAL SCIENCES,CLINICAL SCIENCES
3202,Clinical sciences,BIOMEDICAL AND CLINICAL SCIENCES,CLINICAL SCIENCES
3203,Dentistry,BIOMEDICAL AND CLINICAL SCIENCES,CLINICAL SCIENCES
3204,Immunology,BIOMEDICAL AND CLINICAL SCIENCES,CLINICAL SCIENCES
3205,Medical biochemistry and metabolomics,BIOMEDICAL AND CLINICAL SCIENCES,CLINICAL SCIENCES
3206,Medical biotechnology,BIOMEDICAL AND CLINICAL SCIENCES,CLINICAL SCIENCES
3207,Medical microbiology,BIOMEDICAL AND CLINICAL SCIENCES,CLINICAL SCIENCES
3208,Medical physiology,BIOMEDICAL AND CLINICAL SCIENCES,CLINICAL SCIENCES
3209,Neurosciences,BIOMEDICAL AND CLINICAL SCIENCES,CLINICAL SCIENCES
3210,Nutrition and dietetics,BIOMEDICAL AND CLINICAL SCIENCES,CLINICAL SCIENCES
3211,Oncology and carcinogenesis,BIOMEDICAL AND CLINICAL SCIENCES,CLINICAL SCIENCES
3212,Ophthalmology and optometry,BIOMEDICAL AND CLINICAL SCIENCES,CLINICAL SCIENCES
3213,Paediatrics,BIOMEDICAL AND CLINICAL SCIENCES,CLINICAL SCIENCES
3214,Pharmacology and pharmaceutical sciences,BIOMEDICAL AND CLINICAL SCIENCES,CLINICAL SCIENCES
3215,Reproductive medicine,BIOMEDICAL AND CLINICAL SCIENCES,CLINICAL SCIENCES
3299,Other biomedical and clinical sciences,BIOMEDICAL AND CLINICAL SCIENCES,CLINICAL SCIENCES
3301,Architecture,BUILT ENVIRONMENT AND DESIGN,BUILT ENVIRONMENT AND DESIGN
3302,Building,BUILT ENVIRONMENT AND DESIGN,BUILT ENVIRONMENT AND DESIGN
3303,Design,BUILT ENVIRONMENT AND DESIGN,BUILT ENVIRONMENT AND DESIGN
3304,Urban and regional planning,BUILT ENVIRONMENT AND DESIGN,BUILT ENVIRONMENT AND DESIGN
3399,Other built environment and design,BUILT ENVIRONMENT AND DESIGN,BUILT ENVIRONMENT AND DESIGN
3401,Analytical chemistry,CHEMICAL SCIENCES,CHEMISTRY
3402,Inorganic chemistry,CHEMICAL SCIENCES,CHEMISTRY
3403,Macromolecular and materials chemistry,CHEMICAL SCIENCES,CHEMISTRY
3404,Medicinal and biomolecular chemistry,CHEMICAL SCIENCES,CHEMISTRY
3405,Organic chemistry,CHEMICAL SCIENCES,CHEMISTRY
3406,Physical chemistry,CHEMICAL SCIENCES,CHEMISTRY
3407,Theoretical and computational chemistry,CHEMICAL SCIENCES,CHEMISTRY
3499,Other chemical sciences,CHEMICAL SCIENCES,CHEMISTRY
3501,"Accounting, auditing and accountability","COMMERCE, MANAGEMENT, TOURISM AND SERVICES","COMMERCE, MANAGEMENT, TOURISM AND SERVICES"
3502,"Banking, finance and investment","COMMERCE, MANAGEMENT, TOURISM AND SERVICES","COMMERCE, MANAGEMENT, TOURISM AND SERVICES"
3503,Business systems in context,"COMMERCE, MANAGEMENT, TOURISM AND SERVICES","COMMERCE, MANAGEMENT, TOURISM AND SERVICES"
3504,Commercial services,"COMMERCE, MANAGEMENT, TOURISM AND SERVICES","COMMERCE, MANAGEMENT, TOURISM AND SERVICES"
3505,Human resources and industrial relations,"COMMERCE, MANAGEMENT, TOURISM AND SERVICES","COMMERCE, MANAGEMENT, TOURISM AND SERVICES"
3506,Marketing,"COMMERCE, MANAGEMENT, TOURISM AND SERVICES","COMMERCE, MANAGEMENT, TOURISM AND SERVICES"
3507,"Strategy, management and organisational behaviour","COMMERCE, MANAGEMENT, TOURISM AND SERVICES","COMMERCE, MANAGEMENT, TOURISM AND SERVICES"
3508,Tourism,"COMMERCE, MANAGEMENT, TOURISM AND SERVICES","COMMERCE, MANAGEMENT, TOURISM AND SERVICES"
3509,"Transportation, logistics and supply chains","COMMERCE, MANAGEMENT, TOURISM AND SERVICES","COMMERCE, MANAGEMENT, TOURISM AND SERVICES"
3599,"Other commerce, management, tourism and services","COMMERCE, MANAGEMENT, TOURISM AND SERVICES","COMMERCE, MANAGEMENT, TOURISM AND SERVICES"
3601,"Art history, theory and criticism",CREATIVE ARTS AND WRITING,HUMANITIES
3602,Creative and professional writing,CREATIVE ARTS AND WRITING,HUMANITIES
3603,Music,CREATIVE ARTS AND WRITING,HUMANITIES
3604,Performing arts,CREATIVE ARTS AND WRITING,HUMANITIES
3605,Screen and digital media,CREATIVE ARTS AND WRITING,HUMANITIES
3606,Visual arts,CREATIVE ARTS AND WRITING,HUMANITIES
3699,Other creative arts and writing,CREATIVE ARTS AND WRITING,HUMANITIES
3701,Atmospheric sciences,EARTH SCIENCES,ENVIRONMENTAL SCIENCES
3702,Climate change science,EARTH SCIENCES,ENVIRONMENTAL SCIENCES
3703,Geochemistry,EARTH SCIENCES,ENVIRONMENTAL SCIENCES
3704,Geoinformatics,EARTH SCIENCES,ENVIRONMENTAL SCIENCES
3705,Geology,EARTH SCIENCES,ENVIRONMENTAL SCIENCES
3706,Geophysics,EARTH SCIENCES,ENVIRONMENTAL SCIENCES
3707,Hydrology,EARTH SCIENCES,ENVIRONMENTAL SCIENCES
3708,Oceanography,EARTH SCIENCES,ENVIRONMENTAL SCIENCES
3709,Physical geography and environmental geoscience,EARTH SCIENCES,ENVIRONMENTAL SCIENCES
3799,Other earth sciences,EARTH SCIENCES,ENVIRONMENTAL SCIENCES
3801,Applied economics,ECONOMICS,SOCIAL SCIENCE
3802,Econometrics,ECONOMICS,SOCIAL SCIENCE
3803,Economic theory,ECONOMICS,SOCIAL SCIENCE
3899,Other economics,ECONOMICS,SOCIAL SCIENCE
3901,Curriculum and pedagogy,EDUCATION,SOCIAL SCIENCE
3902,"Education policy, sociology and philosophy",EDUCATION,SOCIAL SCIENCE
3903,Education systems,EDUCATION,SOCIAL SCIENCE
3904,Specialist studies in education,EDUCATION,SOCIAL SCIENCE
3999,Other education,EDUCATION,SOCIAL SCIENCE
4001,Aerospace engineering,ENGINEERING,ENGINEERING
4002,Automotive engineering,ENGINEERING,ENGINEERING
4003,Biomedical engineering,ENGINEERING,ENGINEERING
4004,Chemical engineering,ENGINEERING,ENGINEERING
4005,Civil engineering,ENGINEERING,ENGINEERING
4006,Communications engineering,ENGINEERING,ENGINEERING
4007,"Control engineering, mechatronics and robotics",ENGINEERING,ENGINEERING
4008,Electrical engineering,ENGINEERING,ENGINEERING
4009,"Electronics, sensors and digital hardware",ENGINEERING,ENGINEERING
4010,Engineering practice and education,ENGINEERING,ENGINEERING
4011,Environmental engineering,ENGINEERING,ENGINEERING
4012,Fluid mechanics and thermal engineering,ENGINEERING,ENGINEERING
4013,Geomatic engineering,ENGINEERING,ENGINEERING
4014,Manufacturing engineering,ENGINEERING,ENGINEERING
4015,Maritime engineering,ENGINEERING,ENGINEERING
4016,Materials engineering,ENGINEERING,ENGINEERING
4017,Mechanical engineering,ENGINEERING,ENGINEERING
4018,Nanotechnology,ENGINEERING,ENGINEERING
4019,Resources engineering and extractive metallurgy,ENGINEERING,ENGINEERING
4099,Other engineering,ENGINEERING,ENGINEERING
4101,Climate change impacts and adaptation,ENVIRONMENTAL SCIENCES,ENVIRONMENTAL SCIENCES
4102,Ecological applications,ENVIRONMENTAL SCIENCES,ENVIRONMENTAL SCIENCES
4103,Environmental biotechnology,ENVIRONMENTAL SCIENCES,ENVIRONMENTAL SCIENCES
4104,Environmental management,ENVIRONMENTAL SCIENCES,ENVIRONMENTAL SCIENCES
4105,Pollution and contamination,ENVIRONMENTAL SCIENCES,ENVIRONMENTAL SCIENCES
4106,Soil sciences,ENVIRONMENTAL SCIENCES,ENVIRONMENTAL SCIENCES
4199,Other environmental sciences,ENVIRONMENTAL SCIENCES,ENVIRONMENTAL SCIENCES
4201,Allied health and rehabilitation science,HEALTH SCIENCES,HEALTH SCIENCES
4202,Epidemiology,HEALTH SCIENCES,HEALTH SCIENCES
4203,Health services and systems,HEALTH SCIENCES,HEALTH SCIENCES
4204,Midwifery,HEALTH SCIENCES,HEALTH SCIENCES
4205,Nursing,HEALTH SCIENCES,HEALTH SCIENCES
4206,Public health,HEALTH SCIENCES,HEALTH SCIENCES
4207,Sports science and exercise,HEALTH SCIENCES,HEALTH SCIENCES
4208,"Traditional, complementary and integrative medicine",HEALTH SCIENCES,HEALTH SCIENCES
4299,Other health sciences,HEALTH SCIENCES,HEALTH SCIENCES
4301,Archaeology,"HISTORY, HERITAGE AND ARCHAEOLOGY",HUMANITIES
4302,"Heritage, archive and museum studies","HISTORY, HERITAGE AND ARCHAEOLOGY",HUMANITIES
4303,Historical studies,"HISTORY, HERITAGE AND ARCHAEOLOGY",HUMANITIES
4399,"Other history, heritage and archaeology","HISTORY, HERITAGE AND ARCHAEOLOGY",HUMANITIES
4401,Anthropology,HUMAN SOCIETY,SOCIAL SCIENCE
4402,Criminology,HUMAN SOCIETY,SOCIAL SCIENCE
4403,Demography,HUMAN SOCIETY,SOCIAL SCIENCE
4404,Development studies,HUMAN SOCIETY,SOCIAL SCIENCE
4405,Gender studies,HUMAN SOCIETY,SOCIAL SCIENCE
4406,Human geography,HUMAN SOCIETY,SOCIAL SCIENCE
4407,Policy and administration,HUMAN SOCIETY,SOCIAL SCIENCE
4408,Political science,HUMAN SOCIETY,SOCIAL SCIENCE
4409,Social work,HUMAN SOCIETY,SOCIAL SCIENCE
4410,Sociology,HUMAN SOCIETY,SOCIAL SCIENCE
4499,Other human society,HUMAN SOCIETY,SOCIAL SCIENCE
4501,"Aboriginal and Torres Strait Islander culture, language and history",INDIGENOUS STUDIES,SOCIAL SCIENCE
4502,Aboriginal and Torres Strait Islander education,INDIGENOUS STUDIES,SOCIAL SCIENCE
4503,Aboriginal and Torres Strait Islander environmental knowledges and management,INDIGENOUS STUDIES,SOCIAL SCIENCE
4504,Aboriginal and Torres Strait Islander health and wellbeing,INDIGENOUS STUDIES,SOCIAL SCIENCE
4505,"Aboriginal and Torres Strait Islander peoples, society and community",INDIGENOUS STUDIES,SOCIAL SCIENCE
4506,Aboriginal and Torres Strait Islander sciences,INDIGENOUS STUDIES,SOCIAL SCIENCE
4507,"Te ahurea, reo me te hītori o te Māori (Māori culture, language and history)",INDIGENOUS STUDIES,SOCIAL SCIENCE
4508,Mātauranga Māori (Māori education),INDIGENOUS STUDIES,SOCIAL SCIENCE
4509,Ngā mātauranga taiao o te Māori (Māori environmental knowledges),INDIGENOUS STUDIES,SOCIAL SCIENCE
4510,Te hauora me te oranga o te Māori (Māori health and wellbeing),INDIGENOUS STUDIES,SOCIAL SCIENCE
4511,"Ngā tāngata, te porihanga me ngā hapori o te Māori (Māori peoples, society and community)",INDIGENOUS STUDIES,SOCIAL SCIENCE
4512,Ngā pūtaiao Māori (Māori sciences),INDIGENOUS STUDIES,SOCIAL SCIENCE
4513,"Pacific Peoples culture, language and history",INDIGENOUS STUDIES,SOCIAL SCIENCE
4514,Pacific Peoples education,INDIGENOUS STUDIES,SOCIAL SCIENCE
4515,Pacific Peoples environmental knowledges,INDIGENOUS STUDIES,SOCIAL SCIENCE
4516,Pacific Peoples health and wellbeing,INDIGENOUS STUDIES,SOCIAL SCIENCE
4517,Pacific Peoples sciences,INDIGENOUS STUDIES,SOCIAL SCIENCE
4518,Pacific Peoples society and community,INDIGENOUS STUDIES,SOCIAL SCIENCE
4519,"Other Indigenous data, methodologies and global Indigenous studies",INDIGENOUS STUDIES,SOCIAL SCIENCE
4599,Other Indigenous studies,INDIGENOUS STUDIES,SOCIAL SCIENCE
4601,Applied computing,INFORMATION AND COMPUTING SCIENCES,ENGINEERING
4602,Artificial intelligence,INFORMATION AND COMPUTING SCIENCES,ENGINEERING
4603,Computer vision and multimedia computation,INFORMATION AND COMPUTING SCIENCES,ENGINEERING
4604,Cybersecurity and privacy,INFORMATION AND COMPUTING SCIENCES,ENGINEERING
4605,Data management and data science,INFORMATION AND COMPUTING SCIENCES,ENGINEERING
4606,Distributed computing and systems software,INFORMATION AND COMPUTING SCIENCES,ENGINEERING
4607,"Graphics, augmented reality and games",INFORMATION AND COMPUTING SCIENCES,ENGINEERING
4608,Human-centred computing,INFORMATION AND COMPUTING SCIENCES,ENGINEERING
4609,Information systems,INFORMATION AND COMPUTING SCIENCES,ENGINEERING
4610,Library and information studies,INFORMATION AND COMPUTING SCIENCES,ENGINEERING
4611,Machine learning,INFORMATION AND COMPUTING SCIENCES,ENGINEERING
4612,Software engineering,INFORMATION AND COMPUTING SCIENCES,ENGINEERING
4613,Theory of computation,INFORMATION AND COMPUTING SCIENCES,ENGINEERING
4699,Other information and computing sciences,INFORMATION AND COMPUTING SCIENCES,ENGINEERING
4701,Communication and media studies,"LANGUAGE, COMMUNICATION AND CULTURE",HUMANITIES
4702,Cultural studies,"LANGUAGE, COMMUNICATION AND CULTURE",HUMANITIES
4703,Language studies,"LANGUAGE, COMMUNICATION AND CULTURE",HUMANITIES
4704,Linguistics,"LANGUAGE, COMMUNICATION AND CULTURE",HUMANITIES
4705,Literary studies,"LANGUAGE, COMMUNICATION AND CULTURE",HUMANITIES
4799,"Other language, communication and culture","LANGUAGE, COMMUNICATION AND CULTURE",HUMANITIES
4801,Commercial law,LAW AND LEGAL STUDIES,HUMANITIES
4802,Environmental and resources law,LAW AND LEGAL STUDIES,HUMANITIES
4803,International and comparative law,LAW AND LEGAL STUDIES,HUMANITIES
4804,Law in context,LAW AND LEGAL STUDIES,HUMANITIES
4805,Legal systems,LAW AND LEGAL STUDIES,HUMANITIES
4806,Private law and civil obligations,LAW AND LEGAL STUDIES,HUMANITIES
4807,Public law,LAW AND LEGAL STUDIES,HUMANITIES
4899,Other law and legal studies,LAW AND LEGAL STUDIES,HUMANITIES
4901,Applied mathematics,MATHEMATICAL SCIENCES,ENGINEERING
4902,Mathematical physics,MATHEMATICAL SCIENCES,ENGINEERING
4903,Numerical and computational mathematics,MATHEMATICAL SCIENCES,ENGINEERING
4904,Pure mathematics,MATHEMATICAL SCIENCES,ENGINEERING
4905,Statistics,MATHEMATICAL SCIENCES,ENGINEERING
4999,Other mathematical sciences,MATHEMATICAL SCIENCES,ENGINEERING
5001,Applied ethics,PHILOSOPHY AND RELIGIOUS STUDIES,HUMANITIES
5002,History and philosophy of specific fields,PHILOSOPHY AND RELIGIOUS STUDIES,HUMANITIES
5003,Philosophy,PHILOSOPHY AND RELIGIOUS STUDIES,HUMANITIES
5004,Religious studies,PHILOSOPHY AND RELIGIOUS STUDIES,HUMANITIES
5005,Theology,PHILOSOPHY AND RELIGIOUS STUDIES,HUMANITIES
5099,Other philosophy and religious studies,PHILOSOPHY AND RELIGIOUS STUDIES,HUMANITIES
5101,Astronomical sciences,PHYSICAL SCIENCES,ENGINEERING
5102,"Atomic, molecular and optical physics",PHYSICAL SCIENCES,ENGINEERING
5103,Classical physics,PHYSICAL SCIENCES,ENGINEERING
5104,Condensed matter physics,PHYSICAL SCIENCES,ENGINEERING
5105,Medical and biological physics,PHYSICAL SCIENCES,ENGINEERING
5106,Nuclear and plasma physics,PHYSICAL SCIENCES,ENGINEERING
5107,Particle and high energy physics,PHYSICAL SCIENCES,ENGINEERING
5108,Quantum physics,PHYSICAL SCIENCES,ENGINEERING
5109,Space sciences,PHYSICAL SCIENCES,ENGINEERING
5110,Synchrotrons and accelerators,PHYSICAL SCIENCES,ENGINEERING
5199,Other physical sciences,PHYSICAL SCIENCES,ENGINEERING
5201,Applied and developmental psychology,PSYCHOLOGY,PSYCHOLOGY
5202,Biological psychology,PSYCHOLOGY,PSYCHOLOGY
5203,Clinical and health psychology,PSYCHOLOGY,PSYCHOLOGY
5204,Cognitive and computational psychology,PSYCHOLOGY,PSYCHOLOGY
5205,Social and personality psychology,PSYCHOLOGY,PSYCHOLOGY
5299,Other psychology,PSYCHOLOGY,PSYCHOLOGY